target,MAE,RMSE,R2
highestSlot,16.209401513240543,18.415255920143256,-0.08502435823153665
avgHighestSlot,5.597305813809955,6.833723726535578,0.1381964912286292
sumOfSlots,144.77430409884633,168.68771869410662,0.23497649756834327
avgActiveTransceivers,2.7470833333333333,3.442077275748212,0.7138189378690282
